Id,task_1,task_2
data\test\melanoma\ISIC_0012258.jpg,0.21888798475265503,0.2171284556388855
data\test\melanoma\ISIC_0012356.jpg,0.26024460792541504,0.29161378741264343
data\test\melanoma\ISIC_0012369.jpg,0.2807596027851105,0.11800457537174225
data\test\melanoma\ISIC_0012395.jpg,0.20364442467689514,0.22510729730129242
data\test\melanoma\ISIC_0012425.jpg,0.1551215499639511,0.24797455966472626
data\test\melanoma\ISIC_0012758.jpg,0.2241690307855606,0.14629320800304413
data\test\melanoma\ISIC_0012989.jpg,0.1644943207502365,0.22142767906188965
data\test\melanoma\ISIC_0013072.jpg,0.16900040209293365,0.15564940869808197
data\test\melanoma\ISIC_0013073.jpg,0.23664768040180206,0.24382264912128448
data\test\melanoma\ISIC_0013242.jpg,0.3098730742931366,0.22237206995487213
data\test\melanoma\ISIC_0013277.jpg,0.1341104954481125,0.17851227521896362
data\test\melanoma\ISIC_0013321.jpg,0.25961992144584656,0.23920273780822754
data\test\melanoma\ISIC_0013374.jpg,0.3276013731956482,0.20259249210357666
data\test\melanoma\ISIC_0013411.jpg,0.24316100776195526,0.36061492562294006
data\test\melanoma\ISIC_0013414.jpg,0.1484696865081787,0.15670979022979736
data\test\melanoma\ISIC_0013455.jpg,0.17744319140911102,0.13917452096939087
data\test\melanoma\ISIC_0013457.jpg,0.32035353779792786,0.14348897337913513
data\test\melanoma\ISIC_0013459.jpg,0.1752750277519226,0.2740902006626129
data\test\melanoma\ISIC_0013472.jpg,0.2583410441875458,0.26241597533226013
data\test\melanoma\ISIC_0013473.jpg,0.4108774960041046,0.21564458310604095
data\test\melanoma\ISIC_0013565.jpg,0.18167592585086823,0.20242078602313995
data\test\melanoma\ISIC_0013577.jpg,0.21310973167419434,0.29608771204948425
data\test\melanoma\ISIC_0013588.jpg,0.2876308262348175,0.2009914666414261
data\test\melanoma\ISIC_0013615.jpg,0.3256731331348419,0.3014993965625763
data\test\melanoma\ISIC_0013617.jpg,0.20297321677207947,0.31201043725013733
data\test\melanoma\ISIC_0013636.jpg,0.277117520570755,0.26489001512527466
data\test\melanoma\ISIC_0013678.jpg,0.1852910965681076,0.17170827090740204
data\test\melanoma\ISIC_0013696.jpg,0.21613729000091553,0.1298297494649887
data\test\melanoma\ISIC_0013733.jpg,0.23229099810123444,0.2660035192966461
data\test\melanoma\ISIC_0013739.jpg,0.169838547706604,0.21919773519039154
data\test\melanoma\ISIC_0013766.jpg,0.15456220507621765,0.10788851976394653
data\test\melanoma\ISIC_0013767.jpg,0.27745023369789124,0.3261471688747406
data\test\melanoma\ISIC_0013813.jpg,0.2722820043563843,0.4052446484565735
data\test\melanoma\ISIC_0013814.jpg,0.3188072443008423,0.3358686566352844
data\test\melanoma\ISIC_0013833.jpg,0.4700798988342285,0.19136051833629608
data\test\melanoma\ISIC_0013842.jpg,0.13675528764724731,0.23111549019813538
data\test\melanoma\ISIC_0013867.jpg,0.343889445066452,0.10333207994699478
data\test\melanoma\ISIC_0013908.jpg,0.3059794008731842,0.25512993335723877
data\test\melanoma\ISIC_0013917.jpg,0.21449147164821625,0.11670327931642532
data\test\melanoma\ISIC_0013925.jpg,0.321638822555542,0.37604013085365295
data\test\melanoma\ISIC_0013948.jpg,0.24866865575313568,0.12294664233922958
data\test\melanoma\ISIC_0013953.jpg,0.2233351767063141,0.3979661464691162
data\test\melanoma\ISIC_0013987.jpg,0.31420987844467163,0.3264453709125519
data\test\melanoma\ISIC_0013988.jpg,0.31357476115226746,0.28373095393180847
data\test\melanoma\ISIC_0014027.jpg,0.15183202922344208,0.4054228365421295
data\test\melanoma\ISIC_0014059.jpg,0.2071400135755539,0.17103496193885803
data\test\melanoma\ISIC_0014077.jpg,0.4308605194091797,0.1608130782842636
data\test\melanoma\ISIC_0014103.jpg,0.2669430077075958,0.3337029814720154
data\test\melanoma\ISIC_0014110.jpg,0.17853836715221405,0.15674957633018494
data\test\melanoma\ISIC_0014129.jpg,0.30413076281547546,0.26965227723121643
data\test\melanoma\ISIC_0014148.jpg,0.3351789116859436,0.34531423449516296
data\test\melanoma\ISIC_0014160.jpg,0.31559988856315613,0.21198716759681702
data\test\melanoma\ISIC_0014181.jpg,0.39035090804100037,0.28752776980400085
data\test\melanoma\ISIC_0014186.jpg,0.23387950658798218,0.4122869372367859
data\test\melanoma\ISIC_0014219.jpg,0.36500173807144165,0.24092058837413788
data\test\melanoma\ISIC_0014221.jpg,0.17034703493118286,0.25327420234680176
data\test\melanoma\ISIC_0014233.jpg,0.21761344373226166,0.4823788106441498
data\test\melanoma\ISIC_0014255.jpg,0.16141124069690704,0.31667596101760864
data\test\melanoma\ISIC_0014270.jpg,0.2689898610115051,0.2564777433872223
data\test\melanoma\ISIC_0014284.jpg,0.31723102927207947,0.3025161325931549
data\test\melanoma\ISIC_0014288.jpg,0.30284586548805237,0.15158270299434662
data\test\melanoma\ISIC_0014319.jpg,0.27091994881629944,0.2513495981693268
data\test\melanoma\ISIC_0014336.jpg,0.30200839042663574,0.29125043749809265
data\test\melanoma\ISIC_0014349.jpg,0.3856375515460968,0.08391004055738449
data\test\melanoma\ISIC_0014369.jpg,0.3310539126396179,0.10069581121206284
data\test\melanoma\ISIC_0014423.jpg,0.20122632384300232,0.3245181441307068
data\test\melanoma\ISIC_0014434.jpg,0.21104444563388824,0.3220652639865875
data\test\melanoma\ISIC_0014454.jpg,0.32477226853370667,0.27973148226737976
data\test\melanoma\ISIC_0014478.jpg,0.2144792377948761,0.08509286493062973
data\test\melanoma\ISIC_0014489.jpg,0.21137799322605133,0.28916218876838684
data\test\melanoma\ISIC_0014506.jpg,0.36727699637413025,0.26623475551605225
data\test\melanoma\ISIC_0014513.jpg,0.2004898339509964,0.3098168969154358
data\test\melanoma\ISIC_0014541.jpg,0.40061408281326294,0.13897359371185303
data\test\melanoma\ISIC_0014542.jpg,0.3537266254425049,0.14586679637432098
data\test\melanoma\ISIC_0014546.jpg,0.19606083631515503,0.278687983751297
data\test\melanoma\ISIC_0014548.jpg,0.26806366443634033,0.16018937528133392
data\test\melanoma\ISIC_0014559.jpg,0.3165369927883148,0.20219264924526215
data\test\melanoma\ISIC_0014663.jpg,0.46422049403190613,0.12614132463932037
data\test\melanoma\ISIC_0014666.jpg,0.4371977150440216,0.3453178107738495
data\test\melanoma\ISIC_0014695.jpg,0.20948731899261475,0.4456729590892792
data\test\melanoma\ISIC_0014703.jpg,0.42108264565467834,0.2916829586029053
data\test\melanoma\ISIC_0014727.jpg,0.22909346222877502,0.426933616399765
data\test\melanoma\ISIC_0014766.jpg,0.2761625647544861,0.3725927472114563
data\test\melanoma\ISIC_0014772.jpg,0.30513355135917664,0.2795637845993042
data\test\melanoma\ISIC_0014784.jpg,0.27478229999542236,0.34014689922332764
data\test\melanoma\ISIC_0014790.jpg,0.18085987865924835,0.2726449966430664
data\test\melanoma\ISIC_0014800.jpg,0.30500465631484985,0.21462059020996094
data\test\melanoma\ISIC_0014826.jpg,0.39120832085609436,0.10036978870630264
data\test\melanoma\ISIC_0014862.jpg,0.27870115637779236,0.28401628136634827
data\test\melanoma\ISIC_0014872.jpg,0.18628674745559692,0.3194820284843445
data\test\melanoma\ISIC_0014883.jpg,0.2873000204563141,0.15067514777183533
data\test\melanoma\ISIC_0014912.jpg,0.43356022238731384,0.16428054869174957
data\test\melanoma\ISIC_0014928.jpg,0.2590703070163727,0.18837450444698334
data\test\melanoma\ISIC_0014932.jpg,0.33113110065460205,0.09835416078567505
data\test\melanoma\ISIC_0014963.jpg,0.2860433757305145,0.18115469813346863
data\test\melanoma\ISIC_0014982.jpg,0.3831479847431183,0.16562116146087646
data\test\melanoma\ISIC_0015004.jpg,0.2499738186597824,0.25534480810165405
data\test\melanoma\ISIC_0015041.jpg,0.22406598925590515,0.09149933606386185
data\test\melanoma\ISIC_0015046.jpg,0.35857731103897095,0.24698831140995026
data\test\melanoma\ISIC_0015050.jpg,0.33891603350639343,0.20151129364967346
data\test\melanoma\ISIC_0015071.jpg,0.4243641495704651,0.18710269033908844
data\test\melanoma\ISIC_0015115.jpg,0.2737800180912018,0.08537811040878296
data\test\melanoma\ISIC_0015119.jpg,0.44621405005455017,0.13074365258216858
data\test\melanoma\ISIC_0015127.jpg,0.26954326033592224,0.17353719472885132
data\test\melanoma\ISIC_0015132.jpg,0.4808964729309082,0.11357427388429642
data\test\melanoma\ISIC_0015133.jpg,0.27269646525382996,0.18381233513355255
data\test\melanoma\ISIC_0015136.jpg,0.29420986771583557,0.18497054278850555
data\test\melanoma\ISIC_0015142.jpg,0.27224889397621155,0.2654889225959778
data\test\melanoma\ISIC_0015156.jpg,0.29270583391189575,0.17519569396972656
data\test\melanoma\ISIC_0015163.jpg,0.3838103711605072,0.30184075236320496
data\test\melanoma\ISIC_0015167.jpg,0.3669626712799072,0.26890745759010315
data\test\melanoma\ISIC_0015180.jpg,0.17581740021705627,0.5267767310142517
data\test\melanoma\ISIC_0015185.jpg,0.1972075253725052,0.2435227781534195
data\test\melanoma\ISIC_0015193.jpg,0.1823478490114212,0.1749611496925354
data\test\melanoma\ISIC_0015206.jpg,0.33917364478111267,0.22164200246334076
data\test\melanoma\ISIC_0015229.jpg,0.48765307664871216,0.2709505259990692
data\test\melanoma\ISIC_0015251.jpg,0.2946573793888092,0.15723201632499695
data\test\nevus\ISIC_0012092.jpg,0.1141963005065918,0.2871928811073303
data\test\nevus\ISIC_0012095.jpg,0.2191663384437561,0.19152586162090302
data\test\nevus\ISIC_0012147.jpg,0.15185068547725677,0.19506242871284485
data\test\nevus\ISIC_0012149.jpg,0.1839003711938858,0.36315828561782837
data\test\nevus\ISIC_0012152.jpg,0.16696502268314362,0.3687429130077362
data\test\nevus\ISIC_0012216.jpg,0.2085464745759964,0.23535983264446259
data\test\nevus\ISIC_0012357.jpg,0.3407498896121979,0.22280773520469666
data\test\nevus\ISIC_0012484.jpg,0.1518763303756714,0.4063180387020111
data\test\nevus\ISIC_0012493.jpg,0.19881460070610046,0.21520181000232697
data\test\nevus\ISIC_0012551.jpg,0.14081497490406036,0.1947089582681656
data\test\nevus\ISIC_0012654.jpg,0.15080630779266357,0.1300935447216034
data\test\nevus\ISIC_0012656.jpg,0.1731715202331543,0.07227843254804611
data\test\nevus\ISIC_0012708.jpg,0.1822931468486786,0.17479777336120605
data\test\nevus\ISIC_0012722.jpg,0.18892140686511993,0.2615891993045807
data\test\nevus\ISIC_0012803.jpg,0.24894261360168457,0.35363906621932983
data\test\nevus\ISIC_0012836.jpg,0.24989528954029083,0.20751813054084778
data\test\nevus\ISIC_0012837.jpg,0.18112803995609283,0.36285048723220825
data\test\nevus\ISIC_0012903.jpg,0.15928830206394196,0.1563626527786255
data\test\nevus\ISIC_0012904.jpg,0.16038037836551666,0.2209342122077942
data\test\nevus\ISIC_0012941.jpg,0.15004628896713257,0.35764414072036743
data\test\nevus\ISIC_0012967.jpg,0.13714830577373505,0.33838212490081787
data\test\nevus\ISIC_0013045.jpg,0.09846373647451401,0.06424874067306519
data\test\nevus\ISIC_0013070.jpg,0.18399500846862793,0.21792319416999817
data\test\nevus\ISIC_0013109.jpg,0.2216198593378067,0.12251979857683182
data\test\nevus\ISIC_0013159.jpg,0.140386700630188,0.4522603452205658
data\test\nevus\ISIC_0013164.jpg,0.17729249596595764,0.12764115631580353
data\test\nevus\ISIC_0013176.jpg,0.24456787109375,0.23961782455444336
data\test\nevus\ISIC_0013191.jpg,0.22243764996528625,0.3230092525482178
data\test\nevus\ISIC_0013216.jpg,0.1368860900402069,0.12334571033716202
data\test\nevus\ISIC_0013226.jpg,0.22289830446243286,0.26666250824928284
data\test\nevus\ISIC_0013230.jpg,0.16197419166564941,0.10421569645404816
data\test\nevus\ISIC_0013269.jpg,0.33665674924850464,0.17971943318843842
data\test\nevus\ISIC_0013291.jpg,0.16201744973659515,0.1510249376296997
data\test\nevus\ISIC_0013325.jpg,0.18886595964431763,0.2727580964565277
data\test\nevus\ISIC_0013399.jpg,0.18130949139595032,0.35634252429008484
data\test\nevus\ISIC_0013416.jpg,0.13789638876914978,0.18087856471538544
data\test\nevus\ISIC_0013511.jpg,0.2732156813144684,0.29555779695510864
data\test\nevus\ISIC_0013512.jpg,0.23150183260440826,0.15110236406326294
data\test\nevus\ISIC_0013529.jpg,0.21679140627384186,0.1404358297586441
data\test\nevus\ISIC_0013600.jpg,0.1888042390346527,0.12148202955722809
data\test\nevus\ISIC_0013602.jpg,0.29251742362976074,0.15506932139396667
data\test\nevus\ISIC_0013738.jpg,0.20855768024921417,0.15281939506530762
data\test\nevus\ISIC_0013794.jpg,0.16370467841625214,0.18908469378948212
data\test\nevus\ISIC_0013809.jpg,0.29622697830200195,0.19151702523231506
data\test\nevus\ISIC_0013891.jpg,0.15991730988025665,0.1994762420654297
data\test\nevus\ISIC_0013897.jpg,0.3544916808605194,0.18484704196453094
data\test\nevus\ISIC_0013911.jpg,0.22080086171627045,0.24256376922130585
data\test\nevus\ISIC_0013966.jpg,0.2140578180551529,0.3941989839076996
data\test\nevus\ISIC_0013998.jpg,0.13069996237754822,0.2590295672416687
data\test\nevus\ISIC_0014090.jpg,0.27971285581588745,0.1672428399324417
data\test\nevus\ISIC_0014117.jpg,0.15837238729000092,0.16344884037971497
data\test\nevus\ISIC_0014470.jpg,0.19848254323005676,0.3506130874156952
data\test\nevus\ISIC_0014675.jpg,0.2672826945781708,0.17904053628444672
data\test\nevus\ISIC_0014677.jpg,0.15858758985996246,0.20515725016593933
data\test\nevus\ISIC_0014687.jpg,0.2959575355052948,0.06859064847230911
data\test\nevus\ISIC_0014693.jpg,0.36636364459991455,0.1751624494791031
data\test\nevus\ISIC_0014697.jpg,0.21425218880176544,0.27740174531936646
data\test\nevus\ISIC_0014698.jpg,0.18411506712436676,0.21292224526405334
data\test\nevus\ISIC_0014720.jpg,0.2525154948234558,0.15883760154247284
data\test\nevus\ISIC_0014725.jpg,0.27823400497436523,0.11124778538942337
data\test\nevus\ISIC_0014728.jpg,0.15441493690013885,0.17791366577148438
data\test\nevus\ISIC_0014729.jpg,0.1798829585313797,0.3067529797554016
data\test\nevus\ISIC_0014740.jpg,0.4579792320728302,0.20309177041053772
data\test\nevus\ISIC_0014743.jpg,0.17287534475326538,0.1681634783744812
data\test\nevus\ISIC_0014746.jpg,0.277471661567688,0.08915206789970398
data\test\nevus\ISIC_0014749.jpg,0.2197941541671753,0.19087259471416473
data\test\nevus\ISIC_0014753.jpg,0.34026962518692017,0.24119409918785095
data\test\nevus\ISIC_0014755.jpg,0.2065856158733368,0.17622852325439453
data\test\nevus\ISIC_0014765.jpg,0.30875077843666077,0.214906707406044
data\test\nevus\ISIC_0014768.jpg,0.1738777756690979,0.20131945610046387
data\test\nevus\ISIC_0014773.jpg,0.1532314121723175,0.3079460859298706
data\test\nevus\ISIC_0014780.jpg,0.2856343686580658,0.24167199432849884
data\test\nevus\ISIC_0014786.jpg,0.4346690773963928,0.2284397929906845
data\test\nevus\ISIC_0014787.jpg,0.2858583629131317,0.12621614336967468
data\test\nevus\ISIC_0014792.jpg,0.25552770495414734,0.29051485657691956
data\test\nevus\ISIC_0014796.jpg,0.2816005349159241,0.09088946133852005
data\test\nevus\ISIC_0014798.jpg,0.1392287313938141,0.21364064514636993
data\test\nevus\ISIC_0014807.jpg,0.25421997904777527,0.13697324693202972
data\test\nevus\ISIC_0014814.jpg,0.13998161256313324,0.18219532072544098
data\test\nevus\ISIC_0014815.jpg,0.229249507188797,0.12363852560520172
data\test\nevus\ISIC_0014820.jpg,0.12688599526882172,0.10211418569087982
data\test\nevus\ISIC_0014822.jpg,0.14706796407699585,0.2899535894393921
data\test\nevus\ISIC_0014833.jpg,0.2942000925540924,0.305155873298645
data\test\nevus\ISIC_0014835.jpg,0.264453262090683,0.20461101830005646
data\test\nevus\ISIC_0014844.jpg,0.1930963099002838,0.0989476814866066
data\test\nevus\ISIC_0014853.jpg,0.08878877013921738,0.07866325974464417
data\test\nevus\ISIC_0014854.jpg,0.3464036285877228,0.1677309274673462
data\test\nevus\ISIC_0014863.jpg,0.2557412385940552,0.2662113308906555
data\test\nevus\ISIC_0014867.jpg,0.21582791209220886,0.2283507138490677
data\test\nevus\ISIC_0014868.jpg,0.240528866648674,0.27254050970077515
data\test\nevus\ISIC_0014876.jpg,0.17253121733665466,0.22378244996070862
data\test\nevus\ISIC_0014879.jpg,0.2397148758172989,0.19598370790481567
data\test\nevus\ISIC_0014901.jpg,0.20954950153827667,0.21854469180107117
data\test\nevus\ISIC_0014907.jpg,0.1635293960571289,0.21366997063159943
data\test\nevus\ISIC_0014910.jpg,0.29965412616729736,0.11356718093156815
data\test\nevus\ISIC_0014921.jpg,0.24700874090194702,0.10016056895256042
data\test\nevus\ISIC_0014927.jpg,0.24070870876312256,0.15403002500534058
data\test\nevus\ISIC_0014936.jpg,0.2035808265209198,0.09133502840995789
data\test\nevus\ISIC_0014938.jpg,0.2267761379480362,0.17029255628585815
data\test\nevus\ISIC_0014940.jpg,0.16448697447776794,0.16987210512161255
data\test\nevus\ISIC_0014941.jpg,0.2061767727136612,0.11621790379285812
data\test\nevus\ISIC_0014942.jpg,0.19594869017601013,0.25386035442352295
data\test\nevus\ISIC_0014943.jpg,0.3008979856967926,0.2012716680765152
data\test\nevus\ISIC_0014944.jpg,0.16481414437294006,0.16897709667682648
data\test\nevus\ISIC_0014947.jpg,0.23842202126979828,0.09410984814167023
data\test\nevus\ISIC_0014948.jpg,0.4133356809616089,0.23759642243385315
data\test\nevus\ISIC_0014949.jpg,0.2918672561645508,0.11211084574460983
data\test\nevus\ISIC_0014952.jpg,0.2678241431713104,0.18243227899074554
data\test\nevus\ISIC_0014955.jpg,0.33612602949142456,0.22731389105319977
data\test\nevus\ISIC_0014956.jpg,0.2297375500202179,0.1836797595024109
data\test\nevus\ISIC_0014957.jpg,0.23072661459445953,0.1448780596256256
data\test\nevus\ISIC_0014958.jpg,0.22706912457942963,0.26021474599838257
data\test\nevus\ISIC_0014959.jpg,0.22263427078723907,0.14201116561889648
data\test\nevus\ISIC_0014961.jpg,0.22869263589382172,0.3500160574913025
data\test\nevus\ISIC_0014962.jpg,0.13940316438674927,0.341146320104599
data\test\nevus\ISIC_0014964.jpg,0.24490897357463837,0.1378796100616455
data\test\nevus\ISIC_0014966.jpg,0.18644289672374725,0.15478862822055817
data\test\nevus\ISIC_0014968.jpg,0.40273070335388184,0.23232021927833557
data\test\nevus\ISIC_0014969.jpg,0.2461436688899994,0.2792868912220001
data\test\nevus\ISIC_0014973.jpg,0.2181595265865326,0.196365624666214
data\test\nevus\ISIC_0014974.jpg,0.3848778009414673,0.18912726640701294
data\test\nevus\ISIC_0014977.jpg,0.28296953439712524,0.13055738806724548
data\test\nevus\ISIC_0014992.jpg,0.2187599539756775,0.09202080965042114
data\test\nevus\ISIC_0014994.jpg,0.1709246039390564,0.1737462878227234
data\test\nevus\ISIC_0014998.jpg,0.32977065443992615,0.184523344039917
data\test\nevus\ISIC_0015002.jpg,0.26935508847236633,0.27551811933517456
data\test\nevus\ISIC_0015003.jpg,0.3623001277446747,0.12566931545734406
data\test\nevus\ISIC_0015007.jpg,0.21048413217067719,0.30361253023147583
data\test\nevus\ISIC_0015008.jpg,0.27009159326553345,0.3078390657901764
data\test\nevus\ISIC_0015009.jpg,0.23571130633354187,0.31621697545051575
data\test\nevus\ISIC_0015011.jpg,0.24461816251277924,0.32947099208831787
data\test\nevus\ISIC_0015013.jpg,0.4162456691265106,0.17902781069278717
data\test\nevus\ISIC_0015015.jpg,0.18651831150054932,0.26109835505485535
data\test\nevus\ISIC_0015016.jpg,0.3384888470172882,0.2547430098056793
data\test\nevus\ISIC_0015018.jpg,0.16123640537261963,0.18165266513824463
data\test\nevus\ISIC_0015019.jpg,0.24540220201015472,0.32536500692367554
data\test\nevus\ISIC_0015020.jpg,0.2975881099700928,0.22170884907245636
data\test\nevus\ISIC_0015021.jpg,0.1825808584690094,0.20828554034233093
data\test\nevus\ISIC_0015023.jpg,0.2458973228931427,0.15478569269180298
data\test\nevus\ISIC_0015026.jpg,0.33778828382492065,0.24900774657726288
data\test\nevus\ISIC_0015030.jpg,0.16574929654598236,0.10420956462621689
data\test\nevus\ISIC_0015031.jpg,0.1381855607032776,0.4770512282848358
data\test\nevus\ISIC_0015034.jpg,0.2330491840839386,0.1495521515607834
data\test\nevus\ISIC_0015035.jpg,0.25809913873672485,0.20865921676158905
data\test\nevus\ISIC_0015037.jpg,0.4082183241844177,0.1512058973312378
data\test\nevus\ISIC_0015040.jpg,0.18773029744625092,0.2505623400211334
data\test\nevus\ISIC_0015051.jpg,0.22402548789978027,0.31417953968048096
data\test\nevus\ISIC_0015056.jpg,0.41808411478996277,0.20532235503196716
data\test\nevus\ISIC_0015057.jpg,0.16604679822921753,0.3311915397644043
data\test\nevus\ISIC_0015060.jpg,0.16639763116836548,0.23959963023662567
data\test\nevus\ISIC_0015064.jpg,0.48837730288505554,0.16488008201122284
data\test\nevus\ISIC_0015078.jpg,0.2340845912694931,0.4694848954677582
data\test\nevus\ISIC_0015089.jpg,0.19163396954536438,0.3904826045036316
data\test\nevus\ISIC_0015102.jpg,0.32014328241348267,0.20484118163585663
data\test\nevus\ISIC_0015118.jpg,0.20382440090179443,0.37616854906082153
data\test\nevus\ISIC_0015125.jpg,0.1208685040473938,0.07929602265357971
data\test\nevus\ISIC_0015129.jpg,0.21777772903442383,0.191507488489151
data\test\nevus\ISIC_0015130.jpg,0.28719383478164673,0.14353463053703308
data\test\nevus\ISIC_0015139.jpg,0.23251691460609436,0.17426317930221558
data\test\nevus\ISIC_0015140.jpg,0.31704455614089966,0.19836924970149994
data\test\nevus\ISIC_0015146.jpg,0.24586334824562073,0.0715394988656044
data\test\nevus\ISIC_0015149.jpg,0.373701274394989,0.13363035023212433
data\test\nevus\ISIC_0015150.jpg,0.26938143372535706,0.16516384482383728
data\test\nevus\ISIC_0015152.jpg,0.16244091093540192,0.37016791105270386
data\test\nevus\ISIC_0015155.jpg,0.24972814321517944,0.19865189492702484
data\test\nevus\ISIC_0015157.jpg,0.3007577955722809,0.21927472949028015
data\test\nevus\ISIC_0015160.jpg,0.19117988646030426,0.27572086453437805
data\test\nevus\ISIC_0015161.jpg,0.23660936951637268,0.3798072040081024
data\test\nevus\ISIC_0015171.jpg,0.22077645361423492,0.4693467319011688
data\test\nevus\ISIC_0015173.jpg,0.26780298352241516,0.2773289680480957
data\test\nevus\ISIC_0015174.jpg,0.29920652508735657,0.13251487910747528
data\test\nevus\ISIC_0015175.jpg,0.1851964145898819,0.19148585200309753
data\test\nevus\ISIC_0015176.jpg,0.2730647325515747,0.23459413647651672
data\test\nevus\ISIC_0015179.jpg,0.18641678988933563,0.1800813525915146
data\test\nevus\ISIC_0015184.jpg,0.20229960978031158,0.17117056250572205
data\test\nevus\ISIC_0015201.jpg,0.35786595940589905,0.09110349416732788
data\test\nevus\ISIC_0015202.jpg,0.14948230981826782,0.07192008942365646
data\test\nevus\ISIC_0015203.jpg,0.27030232548713684,0.25759875774383545
data\test\nevus\ISIC_0015207.jpg,0.20256736874580383,0.2212810218334198
data\test\nevus\ISIC_0015208.jpg,0.27801549434661865,0.1657717227935791
data\test\nevus\ISIC_0015212.jpg,0.27903270721435547,0.1848868578672409
data\test\nevus\ISIC_0015215.jpg,0.22958430647850037,0.18198293447494507
data\test\nevus\ISIC_0015216.jpg,0.17347100377082825,0.2577231228351593
data\test\nevus\ISIC_0015217.jpg,0.19860407710075378,0.08026139438152313
data\test\nevus\ISIC_0015218.jpg,0.17958512902259827,0.1403956115245819
data\test\nevus\ISIC_0015223.jpg,0.11029673367738724,0.07733634114265442
data\test\nevus\ISIC_0015224.jpg,0.1598406881093979,0.36547696590423584
data\test\nevus\ISIC_0015226.jpg,0.2937430441379547,0.255842387676239
data\test\nevus\ISIC_0015232.jpg,0.27011317014694214,0.22368153929710388
data\test\nevus\ISIC_0015237.jpg,0.2748042643070221,0.12699919939041138
data\test\nevus\ISIC_0015241.jpg,0.2505449950695038,0.2530600130558014
data\test\nevus\ISIC_0015244.jpg,0.26614460349082947,0.25006935000419617
data\test\nevus\ISIC_0015245.jpg,0.25111132860183716,0.31805500388145447
data\test\nevus\ISIC_0015250.jpg,0.29587745666503906,0.3838922679424286
data\test\nevus\ISIC_0015254.jpg,0.1907443255186081,0.20586012303829193
data\test\nevus\ISIC_0015255.jpg,0.43263307213783264,0.20793797075748444
data\test\nevus\ISIC_0015258.jpg,0.21495364606380463,0.3333631455898285
data\test\nevus\ISIC_0015264.jpg,0.15838104486465454,0.20079277455806732
data\test\nevus\ISIC_0015270.jpg,0.2035607099533081,0.22625994682312012
data\test\nevus\ISIC_0015273.jpg,0.20620429515838623,0.17091360688209534
data\test\nevus\ISIC_0015274.jpg,0.300362765789032,0.2731884717941284
data\test\nevus\ISIC_0015276.jpg,0.20635198056697845,0.16511964797973633
data\test\nevus\ISIC_0015279.jpg,0.12349779903888702,0.35966089367866516
data\test\nevus\ISIC_0015283.jpg,0.12651735544204712,0.13933755457401276
data\test\nevus\ISIC_0015291.jpg,0.30950480699539185,0.16293251514434814
data\test\nevus\ISIC_0015293.jpg,0.17002452909946442,0.07645107060670853
data\test\nevus\ISIC_0015298.jpg,0.1385677456855774,0.1483606994152069
data\test\nevus\ISIC_0015309.jpg,0.16631683707237244,0.3894968628883362
data\test\nevus\ISIC_0015310.jpg,0.39373111724853516,0.18337635695934296
data\test\nevus\ISIC_0015311.jpg,0.19185461103916168,0.11440250277519226
data\test\nevus\ISIC_0015312.jpg,0.2820340692996979,0.13746504485607147
data\test\nevus\ISIC_0015330.jpg,0.2074078768491745,0.18880139291286469
data\test\nevus\ISIC_0015331.jpg,0.21746274828910828,0.14860208332538605
data\test\nevus\ISIC_0015347.jpg,0.1888156235218048,0.15882626175880432
data\test\nevus\ISIC_0015353.jpg,0.3036399483680725,0.13907188177108765
data\test\nevus\ISIC_0015355.jpg,0.18464036285877228,0.18206307291984558
data\test\nevus\ISIC_0015357.jpg,0.20678751170635223,0.12270000576972961
data\test\nevus\ISIC_0015360.jpg,0.23515543341636658,0.13470636308193207
data\test\nevus\ISIC_0015363.jpg,0.2815433740615845,0.2802879512310028
data\test\nevus\ISIC_0015364.jpg,0.32111287117004395,0.25687718391418457
data\test\nevus\ISIC_0015368.jpg,0.26885220408439636,0.10177817940711975
data\test\nevus\ISIC_0015369.jpg,0.2664598822593689,0.4158899188041687
data\test\nevus\ISIC_0015383.jpg,0.16413386166095734,0.13112831115722656
data\test\nevus\ISIC_0015386.jpg,0.24034732580184937,0.07370360195636749
data\test\nevus\ISIC_0015390.jpg,0.22583477199077606,0.2876298725605011
data\test\nevus\ISIC_0015395.jpg,0.2204376757144928,0.29462313652038574
data\test\nevus\ISIC_0015403.jpg,0.27477097511291504,0.31285011768341064
data\test\nevus\ISIC_0015404.jpg,0.3100864887237549,0.19079257547855377
data\test\nevus\ISIC_0015411.jpg,0.21245713531970978,0.14050428569316864
data\test\nevus\ISIC_0015412.jpg,0.18415778875350952,0.18895404040813446
data\test\nevus\ISIC_0015416.jpg,0.29679328203201294,0.11483027786016464
data\test\nevus\ISIC_0015417.jpg,0.34492969512939453,0.14152106642723083
data\test\nevus\ISIC_0015418.jpg,0.2499481439590454,0.10763232409954071
data\test\nevus\ISIC_0015419.jpg,0.20111028850078583,0.4062866270542145
data\test\nevus\ISIC_0015436.jpg,0.21945850551128387,0.27461281418800354
data\test\nevus\ISIC_0015440.jpg,0.19275406002998352,0.10828252136707306
data\test\nevus\ISIC_0015447.jpg,0.2506038546562195,0.2574424743652344
data\test\nevus\ISIC_0015455.jpg,0.230600506067276,0.1875021904706955
data\test\nevus\ISIC_0015464.jpg,0.2898569405078888,0.10566296428442001
data\test\nevus\ISIC_0015466.jpg,0.16902132332324982,0.22914646565914154
data\test\nevus\ISIC_0015468.jpg,0.1676342636346817,0.13955141603946686
data\test\nevus\ISIC_0015476.jpg,0.12453915178775787,0.14649534225463867
data\test\nevus\ISIC_0015481.jpg,0.27609285712242126,0.1458730250597
data\test\nevus\ISIC_0015482.jpg,0.26588359475135803,0.15811890363693237
data\test\nevus\ISIC_0015485.jpg,0.32638341188430786,0.26765188574790955
data\test\nevus\ISIC_0015510.jpg,0.23789383471012115,0.1725795567035675
data\test\nevus\ISIC_0015526.jpg,0.27778342366218567,0.16572342813014984
data\test\nevus\ISIC_0015537.jpg,0.3932676315307617,0.18727217614650726
data\test\nevus\ISIC_0015544.jpg,0.2663592994213104,0.16199558973312378
data\test\nevus\ISIC_0015559.jpg,0.22508174180984497,0.11644361913204193
data\test\nevus\ISIC_0015563.jpg,0.3424513041973114,0.1594172716140747
data\test\nevus\ISIC_0015566.jpg,0.2115660011768341,0.3063606321811676
data\test\nevus\ISIC_0015568.jpg,0.1626659631729126,0.07166137546300888
data\test\nevus\ISIC_0015582.jpg,0.18470661342144012,0.24363915622234344
data\test\nevus\ISIC_0015593.jpg,0.14626558125019073,0.18189027905464172
data\test\nevus\ISIC_0015603.jpg,0.2182161659002304,0.09143082052469254
data\test\nevus\ISIC_0015607.jpg,0.28566235303878784,0.21739254891872406
data\test\nevus\ISIC_0015614.jpg,0.16195468604564667,0.31143447756767273
data\test\nevus\ISIC_0015617.jpg,0.19159269332885742,0.2484096884727478
data\test\nevus\ISIC_0015625.jpg,0.20340214669704437,0.11571721732616425
data\test\nevus\ISIC_0015631.jpg,0.1721498817205429,0.1977798491716385
data\test\nevus\ISIC_0015636.jpg,0.29224035143852234,0.40756964683532715
data\test\nevus\ISIC_0015638.jpg,0.21250019967556,0.23277214169502258
data\test\nevus\ISIC_0015641.jpg,0.24699069559574127,0.36147966980934143
data\test\nevus\ISIC_0015645.jpg,0.2608741521835327,0.18494495749473572
data\test\nevus\ISIC_0015936.jpg,0.28597065806388855,0.19184744358062744
data\test\nevus\ISIC_0015937.jpg,0.1476040929555893,0.10666452348232269
data\test\nevus\ISIC_0015938.jpg,0.2405220866203308,0.2095927745103836
data\test\nevus\ISIC_0015939.jpg,0.1935611516237259,0.21080395579338074
data\test\nevus\ISIC_0015940.jpg,0.10261056572198868,0.2421000748872757
data\test\nevus\ISIC_0015941.jpg,0.11262568831443787,0.09744368493556976
data\test\nevus\ISIC_0015942.jpg,0.12878794968128204,0.2260209172964096
data\test\nevus\ISIC_0015943.jpg,0.13971495628356934,0.23997929692268372
data\test\nevus\ISIC_0015944.jpg,0.15515443682670593,0.36680537462234497
data\test\nevus\ISIC_0015945.jpg,0.13931888341903687,0.1305818110704422
data\test\nevus\ISIC_0015946.jpg,0.17903953790664673,0.15916946530342102
data\test\nevus\ISIC_0015947.jpg,0.19314849376678467,0.23499973118305206
data\test\nevus\ISIC_0015948.jpg,0.15138162672519684,0.11394491791725159
data\test\nevus\ISIC_0015949.jpg,0.2110142707824707,0.22842521965503693
data\test\nevus\ISIC_0015950.jpg,0.20639283955097198,0.23581218719482422
data\test\nevus\ISIC_0015951.jpg,0.24722644686698914,0.3114006519317627
data\test\nevus\ISIC_0015952.jpg,0.20509403944015503,0.26403287053108215
data\test\nevus\ISIC_0015953.jpg,0.24066884815692902,0.23253053426742554
data\test\nevus\ISIC_0015954.jpg,0.10941673815250397,0.1238822266459465
data\test\nevus\ISIC_0015955.jpg,0.22811166942119598,0.28314465284347534
data\test\nevus\ISIC_0015956.jpg,0.13495998084545135,0.13246677815914154
data\test\nevus\ISIC_0015957.jpg,0.18672822415828705,0.3002506494522095
data\test\nevus\ISIC_0015958.jpg,0.17807404696941376,0.38083574175834656
data\test\nevus\ISIC_0015959.jpg,0.21552814543247223,0.25687989592552185
data\test\nevus\ISIC_0015960.jpg,0.11010363698005676,0.07678122818470001
data\test\nevus\ISIC_0015961.jpg,0.23030991852283478,0.30529823899269104
data\test\nevus\ISIC_0015962.jpg,0.11184166371822357,0.16589465737342834
data\test\nevus\ISIC_0015963.jpg,0.09773944318294525,0.14548808336257935
data\test\nevus\ISIC_0015964.jpg,0.14180773496627808,0.16902686655521393
data\test\nevus\ISIC_0015965.jpg,0.2673202157020569,0.24092264473438263
data\test\nevus\ISIC_0015966.jpg,0.12560580670833588,0.40424108505249023
data\test\nevus\ISIC_0015967.jpg,0.2218734323978424,0.32076379656791687
data\test\nevus\ISIC_0015968.jpg,0.3204560875892639,0.2888016402721405
data\test\nevus\ISIC_0015969.jpg,0.24963538348674774,0.11639967560768127
data\test\nevus\ISIC_0015971.jpg,0.2565059959888458,0.2352207601070404
data\test\nevus\ISIC_0015972.jpg,0.22895511984825134,0.3263886570930481
data\test\nevus\ISIC_0015973.jpg,0.17572861909866333,0.4422406554222107
data\test\nevus\ISIC_0015974.jpg,0.20136448740959167,0.3660408854484558
data\test\nevus\ISIC_0015975.jpg,0.20906582474708557,0.18727408349514008
data\test\nevus\ISIC_0015976.jpg,0.22343556582927704,0.26185142993927
data\test\nevus\ISIC_0015978.jpg,0.10852249711751938,0.3797786235809326
data\test\nevus\ISIC_0015979.jpg,0.16696502268314362,0.3687429130077362
data\test\nevus\ISIC_0015980.jpg,0.14967240393161774,0.13856543600559235
data\test\nevus\ISIC_0015981.jpg,0.2308032512664795,0.22630782425403595
data\test\nevus\ISIC_0015982.jpg,0.12640632688999176,0.11130528151988983
data\test\nevus\ISIC_0015983.jpg,0.22916804254055023,0.33804017305374146
data\test\nevus\ISIC_0015984.jpg,0.185175821185112,0.3899036943912506
data\test\nevus\ISIC_0015985.jpg,0.1857651174068451,0.14626210927963257
data\test\nevus\ISIC_0015986.jpg,0.25320887565612793,0.2641439437866211
data\test\nevus\ISIC_0015987.jpg,0.2650121748447418,0.2711855173110962
data\test\nevus\ISIC_0015988.jpg,0.24486802518367767,0.26935380697250366
data\test\nevus\ISIC_0015989.jpg,0.2499832659959793,0.12306242436170578
data\test\nevus\ISIC_0015990.jpg,0.16594335436820984,0.174143448472023
data\test\nevus\ISIC_0015991.jpg,0.17461149394512177,0.15945781767368317
data\test\nevus\ISIC_0015992.jpg,0.15207575261592865,0.16831670701503754
data\test\nevus\ISIC_0015993.jpg,0.2670159637928009,0.300096333026886
data\test\nevus\ISIC_0015994.jpg,0.22171807289123535,0.17926844954490662
data\test\nevus\ISIC_0015995.jpg,0.30310556292533875,0.21118974685668945
data\test\nevus\ISIC_0015996.jpg,0.29867759346961975,0.21818776428699493
data\test\nevus\ISIC_0015997.jpg,0.1462869644165039,0.16503825783729553
data\test\nevus\ISIC_0015998.jpg,0.235366553068161,0.3305668234825134
data\test\nevus\ISIC_0015999.jpg,0.16034656763076782,0.20235289633274078
data\test\nevus\ISIC_0016000.jpg,0.3001331686973572,0.28027719259262085
data\test\nevus\ISIC_0016001.jpg,0.2085464745759964,0.23535983264446259
data\test\nevus\ISIC_0016002.jpg,0.10262864083051682,0.1488443911075592
data\test\nevus\ISIC_0016003.jpg,0.14875428378582,0.07843822985887527
data\test\nevus\ISIC_0016004.jpg,0.33356186747550964,0.24951745569705963
data\test\nevus\ISIC_0016005.jpg,0.15614864230155945,0.20699378848075867
data\test\nevus\ISIC_0016006.jpg,0.17038284242153168,0.34629374742507935
data\test\nevus\ISIC_0016007.jpg,0.15351036190986633,0.32024750113487244
data\test\nevus\ISIC_0016008.jpg,0.33725306391716003,0.23767204582691193
data\test\nevus\ISIC_0016009.jpg,0.17651234567165375,0.19851380586624146
data\test\nevus\ISIC_0016011.jpg,0.12782342731952667,0.26883527636528015
data\test\nevus\ISIC_0016012.jpg,0.27444741129875183,0.14714224636554718
data\test\nevus\ISIC_0016013.jpg,0.14248116314411163,0.3731496036052704
data\test\nevus\ISIC_0016014.jpg,0.09085366129875183,0.10890423506498337
data\test\nevus\ISIC_0016015.jpg,0.11031149327754974,0.14112789928913116
data\test\nevus\ISIC_0016016.jpg,0.21249887347221375,0.3198235332965851
data\test\nevus\ISIC_0016017.jpg,0.18733587861061096,0.18419653177261353
data\test\nevus\ISIC_0016018.jpg,0.14900223910808563,0.17589275538921356
data\test\nevus\ISIC_0016019.jpg,0.15726491808891296,0.29626205563545227
data\test\nevus\ISIC_0016022.jpg,0.27023378014564514,0.2975297272205353
data\test\nevus\ISIC_0016023.jpg,0.14281968772411346,0.31821534037590027
data\test\nevus\ISIC_0016024.jpg,0.2681339383125305,0.3364170789718628
data\test\nevus\ISIC_0016025.jpg,0.20079611241817474,0.18161819875240326
data\test\nevus\ISIC_0016026.jpg,0.27997511625289917,0.29485487937927246
data\test\nevus\ISIC_0016027.jpg,0.23987989127635956,0.26866570115089417
data\test\nevus\ISIC_0016028.jpg,0.19801008701324463,0.21647682785987854
data\test\nevus\ISIC_0016029.jpg,0.22397541999816895,0.24567963182926178
data\test\nevus\ISIC_0016030.jpg,0.2653253972530365,0.3011506199836731
data\test\nevus\ISIC_0016031.jpg,0.2500419616699219,0.2469564974308014
data\test\nevus\ISIC_0016033.jpg,0.22863507270812988,0.2759002447128296
data\test\nevus\ISIC_0016034.jpg,0.2100052684545517,0.24306732416152954
data\test\nevus\ISIC_0016035.jpg,0.2108679860830307,0.3090096712112427
data\test\nevus\ISIC_0016036.jpg,0.25545284152030945,0.2030622959136963
data\test\nevus\ISIC_0016037.jpg,0.2446231096982956,0.20471423864364624
data\test\nevus\ISIC_0016038.jpg,0.11313006281852722,0.0886460468173027
data\test\nevus\ISIC_0016040.jpg,0.2806953489780426,0.19887535274028778
data\test\nevus\ISIC_0016041.jpg,0.21320465207099915,0.3999848961830139
data\test\nevus\ISIC_0016042.jpg,0.19696159660816193,0.2611358165740967
data\test\nevus\ISIC_0016043.jpg,0.17709583044052124,0.256270170211792
data\test\nevus\ISIC_0016044.jpg,0.12911956012248993,0.31312769651412964
data\test\nevus\ISIC_0016045.jpg,0.3255811929702759,0.24774204194545746
data\test\nevus\ISIC_0016046.jpg,0.12700557708740234,0.1628280133008957
data\test\nevus\ISIC_0016048.jpg,0.21869485080242157,0.2320241630077362
data\test\nevus\ISIC_0016049.jpg,0.08597209304571152,0.1015130952000618
data\test\nevus\ISIC_0016050.jpg,0.23556122183799744,0.18102344870567322
data\test\nevus\ISIC_0016051.jpg,0.1194755956530571,0.11540772765874863
data\test\nevus\ISIC_0016052.jpg,0.14857342839241028,0.2760551869869232
data\test\nevus\ISIC_0016053.jpg,0.27399635314941406,0.24219027161598206
data\test\nevus\ISIC_0016054.jpg,0.18368254601955414,0.43835189938545227
data\test\nevus\ISIC_0016055.jpg,0.17060905694961548,0.19355596601963043
data\test\nevus\ISIC_0016056.jpg,0.3319372534751892,0.3184860944747925
data\test\nevus\ISIC_0016057.jpg,0.22272637486457825,0.16761739552021027
data\test\nevus\ISIC_0016058.jpg,0.11047240346670151,0.282780259847641
data\test\nevus\ISIC_0016059.jpg,0.23040775954723358,0.13267406821250916
data\test\nevus\ISIC_0016060.jpg,0.17973852157592773,0.14573317766189575
data\test\nevus\ISIC_0016061.jpg,0.15676867961883545,0.0975121259689331
data\test\nevus\ISIC_0016062.jpg,0.27938535809516907,0.17996914684772491
data\test\nevus\ISIC_0016063.jpg,0.18918420374393463,0.1831982582807541
data\test\nevus\ISIC_0016064.jpg,0.2348327487707138,0.3417213559150696
data\test\nevus\ISIC_0016065.jpg,0.2188606560230255,0.23472440242767334
data\test\nevus\ISIC_0016066.jpg,0.2657306492328644,0.25514480471611023
data\test\nevus\ISIC_0016068.jpg,0.3240054249763489,0.12961623072624207
data\test\nevus\ISIC_0016069.jpg,0.190139502286911,0.17912164330482483
data\test\nevus\ISIC_0016070.jpg,0.1491793692111969,0.2409236580133438
data\test\nevus\ISIC_0016071.jpg,0.2746448814868927,0.20133113861083984
data\test\nevus\ISIC_0016072.jpg,0.32071492075920105,0.22025643289089203
data\test\seborrheic_keratosis\ISIC_0012086.jpg,0.1669244021177292,0.4381428360939026
data\test\seborrheic_keratosis\ISIC_0012134.jpg,0.2695004940032959,0.3281673491001129
data\test\seborrheic_keratosis\ISIC_0012136.jpg,0.282183438539505,0.39486178755760193
data\test\seborrheic_keratosis\ISIC_0012178.jpg,0.28810083866119385,0.3071822226047516
data\test\seborrheic_keratosis\ISIC_0012199.jpg,0.336548388004303,0.2235281765460968
data\test\seborrheic_keratosis\ISIC_0012207.jpg,0.18526163697242737,0.30020758509635925
data\test\seborrheic_keratosis\ISIC_0012215.jpg,0.18561086058616638,0.5573585033416748
data\test\seborrheic_keratosis\ISIC_0012223.jpg,0.2560989260673523,0.37431129813194275
data\test\seborrheic_keratosis\ISIC_0012240.jpg,0.168357253074646,0.4139735698699951
data\test\seborrheic_keratosis\ISIC_0012248.jpg,0.228841170668602,0.3487888276576996
data\test\seborrheic_keratosis\ISIC_0012265.jpg,0.26885974407196045,0.24082225561141968
data\test\seborrheic_keratosis\ISIC_0012266.jpg,0.25419533252716064,0.2915967106819153
data\test\seborrheic_keratosis\ISIC_0012272.jpg,0.23043031990528107,0.30929553508758545
data\test\seborrheic_keratosis\ISIC_0012273.jpg,0.1875353902578354,0.2891002297401428
data\test\seborrheic_keratosis\ISIC_0012314.jpg,0.11282102763652802,0.1537504941225052
data\test\seborrheic_keratosis\ISIC_0012323.jpg,0.2699865698814392,0.3103679120540619
data\test\seborrheic_keratosis\ISIC_0012330.jpg,0.15935778617858887,0.4346153438091278
data\test\seborrheic_keratosis\ISIC_0012358.jpg,0.12572310864925385,0.39255648851394653
data\test\seborrheic_keratosis\ISIC_0012364.jpg,0.2577512562274933,0.33981674909591675
data\test\seborrheic_keratosis\ISIC_0012372.jpg,0.15884138643741608,0.25186029076576233
data\test\seborrheic_keratosis\ISIC_0012375.jpg,0.17778551578521729,0.5209552049636841
data\test\seborrheic_keratosis\ISIC_0012387.jpg,0.223066508769989,0.3118291199207306
data\test\seborrheic_keratosis\ISIC_0012388.jpg,0.16696366667747498,0.3552910089492798
data\test\seborrheic_keratosis\ISIC_0012414.jpg,0.26355308294296265,0.26538410782814026
data\test\seborrheic_keratosis\ISIC_0012428.jpg,0.2267296016216278,0.24739819765090942
data\test\seborrheic_keratosis\ISIC_0012432.jpg,0.1371152102947235,0.28301629424095154
data\test\seborrheic_keratosis\ISIC_0012447.jpg,0.1695890575647354,0.45864030718803406
data\test\seborrheic_keratosis\ISIC_0012448.jpg,0.2374611794948578,0.27229833602905273
data\test\seborrheic_keratosis\ISIC_0012510.jpg,0.2119094878435135,0.2735745906829834
data\test\seborrheic_keratosis\ISIC_0012522.jpg,0.14747047424316406,0.284172385931015
data\test\seborrheic_keratosis\ISIC_0012537.jpg,0.23012638092041016,0.26394030451774597
data\test\seborrheic_keratosis\ISIC_0012548.jpg,0.21328333020210266,0.318339079618454
data\test\seborrheic_keratosis\ISIC_0012705.jpg,0.25549420714378357,0.33992791175842285
data\test\seborrheic_keratosis\ISIC_0012757.jpg,0.23480747640132904,0.24326802790164948
data\test\seborrheic_keratosis\ISIC_0012786.jpg,0.1899193972349167,0.35907450318336487
data\test\seborrheic_keratosis\ISIC_0012848.jpg,0.16213324666023254,0.10367338359355927
data\test\seborrheic_keratosis\ISIC_0012852.jpg,0.1907178908586502,0.24202142655849457
data\test\seborrheic_keratosis\ISIC_0012928.jpg,0.17765603959560394,0.2880783975124359
data\test\seborrheic_keratosis\ISIC_0012955.jpg,0.1940038651227951,0.38549065589904785
data\test\seborrheic_keratosis\ISIC_0012974.jpg,0.14463597536087036,0.4300728440284729
data\test\seborrheic_keratosis\ISIC_0013030.jpg,0.12415795773267746,0.37819522619247437
data\test\seborrheic_keratosis\ISIC_0013035.jpg,0.2604421079158783,0.33954691886901855
data\test\seborrheic_keratosis\ISIC_0013085.jpg,0.18717961013317108,0.34772980213165283
data\test\seborrheic_keratosis\ISIC_0013169.jpg,0.15801413357257843,0.531702995300293
data\test\seborrheic_keratosis\ISIC_0013170.jpg,0.2266751080751419,0.45847374200820923
data\test\seborrheic_keratosis\ISIC_0013203.jpg,0.13580094277858734,0.43471577763557434
data\test\seborrheic_keratosis\ISIC_0013270.jpg,0.22751590609550476,0.3385436236858368
data\test\seborrheic_keratosis\ISIC_0013271.jpg,0.09355585277080536,0.1190372183918953
data\test\seborrheic_keratosis\ISIC_0013281.jpg,0.27177444100379944,0.41317451000213623
data\test\seborrheic_keratosis\ISIC_0013319.jpg,0.2858467400074005,0.14841443300247192
data\test\seborrheic_keratosis\ISIC_0013393.jpg,0.19076117873191833,0.39273855090141296
data\test\seborrheic_keratosis\ISIC_0013465.jpg,0.16317437589168549,0.35988685488700867
data\test\seborrheic_keratosis\ISIC_0013673.jpg,0.13060550391674042,0.4439566433429718
data\test\seborrheic_keratosis\ISIC_0013708.jpg,0.29228559136390686,0.4181973934173584
data\test\seborrheic_keratosis\ISIC_0013764.jpg,0.23078571259975433,0.3344271183013916
data\test\seborrheic_keratosis\ISIC_0013977.jpg,0.13274110853672028,0.3902356028556824
data\test\seborrheic_keratosis\ISIC_0014006.jpg,0.20388612151145935,0.3721037805080414
data\test\seborrheic_keratosis\ISIC_0014177.jpg,0.30226898193359375,0.3316059708595276
data\test\seborrheic_keratosis\ISIC_0014251.jpg,0.15129607915878296,0.4493299424648285
data\test\seborrheic_keratosis\ISIC_0014278.jpg,0.21860980987548828,0.29890069365501404
data\test\seborrheic_keratosis\ISIC_0014386.jpg,0.20232060551643372,0.4192812144756317
data\test\seborrheic_keratosis\ISIC_0014392.jpg,0.19139041006565094,0.41425734758377075
data\test\seborrheic_keratosis\ISIC_0014409.jpg,0.12408803403377533,0.16088776290416718
data\test\seborrheic_keratosis\ISIC_0014419.jpg,0.2632220983505249,0.32492274045944214
data\test\seborrheic_keratosis\ISIC_0014457.jpg,0.2339903861284256,0.3535914719104767
data\test\seborrheic_keratosis\ISIC_0014474.jpg,0.1804317981004715,0.5431360006332397
data\test\seborrheic_keratosis\ISIC_0014500.jpg,0.2620527148246765,0.3337198793888092
data\test\seborrheic_keratosis\ISIC_0014503.jpg,0.1240605041384697,0.44899818301200867
data\test\seborrheic_keratosis\ISIC_0014567.jpg,0.2646632492542267,0.21437972784042358
data\test\seborrheic_keratosis\ISIC_0014574.jpg,0.19535012543201447,0.179652601480484
data\test\seborrheic_keratosis\ISIC_0014575.jpg,0.319397509098053,0.15106722712516785
data\test\seborrheic_keratosis\ISIC_0014586.jpg,0.2214204967021942,0.12817776203155518
data\test\seborrheic_keratosis\ISIC_0014587.jpg,0.2245684117078781,0.3018556237220764
data\test\seborrheic_keratosis\ISIC_0014588.jpg,0.26833829283714294,0.23983435332775116
data\test\seborrheic_keratosis\ISIC_0014590.jpg,0.17029021680355072,0.07630063593387604
data\test\seborrheic_keratosis\ISIC_0014600.jpg,0.23690660297870636,0.09428402781486511
data\test\seborrheic_keratosis\ISIC_0014619.jpg,0.28054895997047424,0.2600831687450409
data\test\seborrheic_keratosis\ISIC_0014626.jpg,0.276897132396698,0.43563154339790344
data\test\seborrheic_keratosis\ISIC_0014627.jpg,0.1389092206954956,0.11434592306613922
data\test\seborrheic_keratosis\ISIC_0014629.jpg,0.21946315467357635,0.2462315410375595
data\test\seborrheic_keratosis\ISIC_0014631.jpg,0.20171967148780823,0.21756553649902344
data\test\seborrheic_keratosis\ISIC_0014634.jpg,0.25181740522384644,0.40456676483154297
data\test\seborrheic_keratosis\ISIC_0014643.jpg,0.2702031433582306,0.226551815867424
data\test\seborrheic_keratosis\ISIC_0014644.jpg,0.32532501220703125,0.12299375236034393
data\test\seborrheic_keratosis\ISIC_0014645.jpg,0.42691534757614136,0.2803138792514801
data\test\seborrheic_keratosis\ISIC_0014647.jpg,0.1916484385728836,0.29104283452033997
data\test\seborrheic_keratosis\ISIC_0014648.jpg,0.1855010688304901,0.3362340033054352
data\test\seborrheic_keratosis\ISIC_0014649.jpg,0.14647728204727173,0.20075131952762604
data\test\seborrheic_keratosis\ISIC_0014652.jpg,0.30317243933677673,0.1849394589662552
data\test\seborrheic_keratosis\ISIC_0014653.jpg,0.23041968047618866,0.28947269916534424
